{
  "coin_name": "Bcash Testnet",
  "coin_shortcut": "TBCH",
  "coin_label": "Bitcoin Cash Testnet",
  "website": "https://www.bitcoincash.org",
  "github": "https://github.com/bitcoin-cash-node/bitcoin-cash-node",
  "maintainer": "Jochen Hoenicke <hoenicke@gmail.com>",
  "curve_name": "secp256k1",
  "decimals": 8,
  "address_type": 111,
  "address_type_p2sh": 196,
  "maxfee_kb": 10000000,
  "minfee_kb": 1000,
  "signed_message_header": "Bitcoin Signed Message:\n",
  "hash_genesis_block": "000000000933ea01ad0ee984209779baaec3ced90fa3f408719526f8d77f4943",
  "xprv_magic": 70615956,
  "xpub_magic": 70617039,
  "xpub_magic_segwit_p2sh": null,
  "xpub_magic_segwit_native": null,
  "xpub_magic_multisig_segwit_p2sh": null,
  "xpub_magic_multisig_segwit_native": null,
  "bech32_prefix": null,
  "cashaddr_prefix": "bchtest",
  "slip44": 1,
  "segwit": false,
  "taproot": false,
  "decred": false,
  "fork_id": 0,
  "force_bip143": true,
  "default_fee_b": {
    "Normal": 10
  },
  "dust_limit": 546,
  "blocktime_seconds": 600,
  "uri_prefix": "bitcoincash",
  "min_address_length": 27,
  "max_address_length": 34,
  "negative_fee": false,
  "cooldown": 100,
  "overwintered": false,
  "extra_data": false,
  "timestamp": false,
  "confidential_assets": null
}
