{
  "coin_name": "Dash Testnet",
  "coin_shortcut": "tDASH",
  "coin_label": "Dash Testnet",
  "website": "https://www.dash.org",
  "github": "https://github.com/dashpay/dash",
  "maintainer": "Karel Bilek <karel.bilek@satoshilabs.com>",
  "curve_name": "secp256k1",
  "decimals": 8,
  "address_type": 140,
  "address_type_p2sh": 19,
  "maxfee_kb": 100000,
  "minfee_kb": 10000,
  "signed_message_header": "DarkCoin Signed Message:\n",
  "hash_genesis_block": "00000bafbc94add76cb75e2ec92894837288a481e5c005f6563d91623bf8bc2c",
  "xprv_magic": 70615956,
  "xpub_magic": 70617039,
  "xpub_magic_segwit_p2sh": null,
  "xpub_magic_segwit_native": null,
  "xpub_magic_multisig_segwit_p2sh": null,
  "xpub_magic_multisig_segwit_native": null,
  "bech32_prefix": null,
  "cashaddr_prefix": null,
  "slip44": 1,
  "segwit": false,
  "taproot": false,
  "decred": false,
  "fork_id": null,
  "force_bip143": false,
  "default_fee_b": {
    "Normal": 10
  },
  "dust_limit": 5460,
  "blocktime_seconds": 150,
  "uri_prefix": "dash",
  "min_address_length": 27,
  "max_address_length": 34,
  "negative_fee": false,
  "cooldown": 100,
  "overwintered": false,
  "extra_data": true,
  "timestamp": false,
  "confidential_assets": null
}
