{
  "coin_name": "Decred Testnet",
  "coin_shortcut": "TDCR",
  "coin_label": "Decred Testnet",
  "website": "https://www.decred.org",
  "github": "https://github.com/decred/dcrd",
  "maintainer": "Saleem Rashid <trezor@saleemrashid.com>",
  "curve_name": "secp256k1_decred",
  "decimals": 8,
  "address_type": 3873,
  "address_type_p2sh": 3836,
  "maxfee_kb": 10000000,
  "minfee_kb": 1000,
  "signed_message_header": "Decred Signed Message:\n",
  "hash_genesis_block": "a649dce53918caf422e9c711c858837e08d626ecfcd198969b24f7b634a49bac",
  "xprv_magic": 70615959,
  "xpub_magic": 70617041,
  "xpub_magic_segwit_p2sh": null,
  "xpub_magic_segwit_native": null,
  "xpub_magic_multisig_segwit_p2sh": null,
  "xpub_magic_multisig_segwit_native": null,
  "bech32_prefix": null,
  "cashaddr_prefix": null,
  "slip44": 1,
  "segwit": false,
  "taproot": false,
  "decred": true,
  "fork_id": null,
  "force_bip143": false,
  "default_fee_b": {
    "Normal": 10
  },
  "dust_limit": 546,
  "blocktime_seconds": 120,
  "uri_prefix": "bitcoin",
  "min_address_length": 35,
  "max_address_length": 35,
  "negative_fee": false,
  "cooldown": 100,
  "overwintered": false,
  "extra_data": false,
  "timestamp": false,
  "confidential_assets": null
}
