{
  "coin_name": "DigiByte",
  "coin_shortcut": "DGB",
  "coin_label": "DigiByte",
  "website": "https://digibyte.io",
  "github": "https://github.com/digibyte/digibyte",
  "maintainer": "DigiByte <dev@digibyte.co>",
  "curve_name": "secp256k1",
  "decimals": 8,
  "address_type": 30,
  "address_type_p2sh": 63,
  "maxfee_kb": 130000000000,
  "minfee_kb": 1000,
  "signed_message_header": "DigiByte Signed Message:\n",
  "hash_genesis_block": "7497ea1b465eb39f1c8f507bc877078fe016d6fcb6dfad3a64c98dcc6e1e8496",
  "xprv_magic": 76066276,
  "xpub_magic": 76067358,
  "xpub_magic_segwit_p2sh": 77429938,
  "xpub_magic_segwit_native": 78792518,
  "xpub_magic_multisig_segwit_p2sh": 76067358,
  "xpub_magic_multisig_segwit_native": 76067358,
  "bech32_prefix": "dgb",
  "cashaddr_prefix": null,
  "slip44": 20,
  "segwit": true,
  "taproot": false,
  "decred": false,
  "fork_id": null,
  "force_bip143": false,
  "default_fee_b": {
    "Low": 10,
    "Economy": 70,
    "Normal": 140,
    "High": 200
  },
  "dust_limit": 546,
  "blocktime_seconds": 15,
  "uri_prefix": "digibyte",
  "min_address_length": 27,
  "max_address_length": 34,
  "negative_fee": false,
  "cooldown": 100,
  "overwintered": false,
  "extra_data": false,
  "timestamp": false,
  "confidential_assets": null
}
