{
  "coin_name": "Litecoin",
  "coin_shortcut": "LTC",
  "coin_label": "Litecoin",
  "website": "https://litecoin.org",
  "github": "https://github.com/litecoin-project/litecoin",
  "maintainer": "Pavol Rusnak <stick@satoshilabs.com>",
  "curve_name": "secp256k1",
  "decimals": 8,
  "address_type": 48,
  "address_type_p2sh": 50,
  "maxfee_kb": 67000000,
  "minfee_kb": 1000,
  "signed_message_header": "Litecoin Signed Message:\n",
  "hash_genesis_block": "12a765e31ffd4059bada1e25190f6e98c99d9714d334efa41a195a7e7e04bfe2",
  "xprv_magic": 27106558,
  "xpub_magic": 27108450,
  "xpub_magic_segwit_p2sh": 28471030,
  "xpub_magic_segwit_native": 78792518,
  "xpub_magic_multisig_segwit_p2sh": 27108450,
  "xpub_magic_multisig_segwit_native": 27108450,
  "bech32_prefix": "ltc",
  "cashaddr_prefix": null,
  "slip44": 2,
  "segwit": true,
  "taproot": false,
  "decred": false,
  "fork_id": null,
  "force_bip143": false,
  "default_fee_b": {
    "Normal": 1000
  },
  "dust_limit": 546,
  "blocktime_seconds": 150,
  "uri_prefix": "litecoin",
  "min_address_length": 27,
  "max_address_length": 34,
  "negative_fee": false,
  "cooldown": 100,
  "overwintered": false,
  "extra_data": false,
  "timestamp": false,
  "confidential_assets": null
}
