{
  "coin_name": "Monacoin",
  "coin_shortcut": "MONA",
  "coin_label": "Monacoin",
  "website": "https://monacoin.org",
  "github": "https://github.com/monacoinproject/monacoin",
  "maintainer": "cryptcoin-junkey <cryptcoin.junkey@gmail.com>",
  "curve_name": "secp256k1",
  "decimals": 8,
  "address_type": 50,
  "address_type_p2sh": 55,
  "maxfee_kb": 2100000000,
  "minfee_kb": 100000,
  "signed_message_header": "Monacoin Signed Message:\n",
  "hash_genesis_block": "ff9f1c0116d19de7c9963845e129f9ed1bfc0b376eb54fd7afa42e0d418c8bb6",
  "xprv_magic": 76066276,
  "xpub_magic": 76067358,
  "xpub_magic_segwit_p2sh": 77429938,
  "xpub_magic_segwit_native": 78792518,
  "xpub_magic_multisig_segwit_p2sh": 76067358,
  "xpub_magic_multisig_segwit_native": 76067358,
  "bech32_prefix": "mona",
  "cashaddr_prefix": null,
  "slip44": 22,
  "segwit": true,
  "taproot": false,
  "decred": false,
  "fork_id": null,
  "force_bip143": false,
  "default_fee_b": {
    "Normal": 1000
  },
  "dust_limit": 54600,
  "blocktime_seconds": 90,
  "uri_prefix": "monacoin",
  "min_address_length": 27,
  "max_address_length": 34,
  "negative_fee": false,
  "cooldown": 100,
  "overwintered": false,
  "extra_data": false,
  "timestamp": false,
  "confidential_assets": null
}
