{
  "coin_name": "Particl Testnet",
  "coin_shortcut": "tPART",
  "coin_label": "Particl Testnet",
  "website": "https://particl.io",
  "github": "https://github.com/particl/particl-core",
  "maintainer": "Ryno <ryno@particl.io>",
  "curve_name": "secp256k1",
  "decimals": 8,
  "address_type": 118,
  "address_type_p2sh": 122,
  "maxfee_kb": 10000000,
  "minfee_kb": 1000,
  "signed_message_header": "Bitcoin Signed Message:\n",
  "hash_genesis_block": "0000594ada5310b367443ee0afd4fa3d0bbd5850ea4e33cdc7d6a904a7ec7c90",
  "xprv_magic": 3779229696,
  "xpub_magic": 76059768,
  "xpub_magic_segwit_p2sh": 71979618,
  "xpub_magic_segwit_native": 73342198,
  "xpub_magic_multisig_segwit_p2sh": 76059768,
  "xpub_magic_multisig_segwit_native": 76059768,
  "bech32_prefix": "tb",
  "cashaddr_prefix": null,
  "slip44": 1,
  "segwit": true,
  "taproot": false,
  "decred": false,
  "fork_id": null,
  "force_bip143": false,
  "default_fee_b": {
    "Normal": 10
  },
  "dust_limit": 546,
  "blocktime_seconds": 600,
  "uri_prefix": "particl",
  "min_address_length": 27,
  "max_address_length": 34,
  "negative_fee": false,
  "cooldown": 100,
  "overwintered": false,
  "extra_data": false,
  "timestamp": false,
  "confidential_assets": null
}
