{
  "coin_name": "Peercoin Testnet",
  "coin_shortcut": "tPPC",
  "coin_label": "Peercoin Testnet",
  "website": "https://peercoin.net",
  "github": "https://github.com/peercoin/peercoin",
  "maintainer": "backpacker69 <backpacker69@protonmail.com>",
  "curve_name": "secp256k1",
  "decimals": 6,
  "address_type": 111,
  "address_type_p2sh": 196,
  "maxfee_kb": 2000000,
  "minfee_kb": 10000,
  "signed_message_header": "Peercoin Signed Message:\n",
  "hash_genesis_block": "00000001f757bb737f6596503e17cd17b0658ce630cc727c0cca81aec47c9f06",
  "xprv_magic": 70615956,
  "xpub_magic": 70617039,
  "xpub_magic_segwit_p2sh": 71979618,
  "xpub_magic_segwit_native": 73342198,
  "xpub_magic_multisig_segwit_p2sh": 70617039,
  "xpub_magic_multisig_segwit_native": 70617039,
  "bech32_prefix": "tpc",
  "cashaddr_prefix": null,
  "slip44": 1,
  "segwit": true,
  "taproot": false,
  "decred": false,
  "fork_id": null,
  "force_bip143": false,
  "default_fee_b": {
    "Normal": 10
  },
  "dust_limit": 10000,
  "blocktime_seconds": 600,
  "uri_prefix": "peercoin",
  "min_address_length": 27,
  "max_address_length": 34,
  "negative_fee": false,
  "cooldown": 100,
  "overwintered": false,
  "extra_data": false,
  "timestamp": true,
  "confidential_assets": null
}
