{
  "coin_name": "Vertcoin",
  "coin_shortcut": "VTC",
  "coin_label": "Vertcoin",
  "website": "https://vertcoin.org",
  "github": "https://github.com/vertcoin-project/vertcoin-core",
  "maintainer": "Jochen Hoenicke <hoenicke@gmail.com>",
  "curve_name": "secp256k1",
  "decimals": 8,
  "address_type": 71,
  "address_type_p2sh": 5,
  "maxfee_kb": 13000000000,
  "minfee_kb": 100000,
  "signed_message_header": "Vertcoin Signed Message:\n",
  "hash_genesis_block": "4d96a915f49d40b1e5c2844d1ee2dccb90013a990ccea12c492d22110489f0c4",
  "xprv_magic": 76066276,
  "xpub_magic": 76067358,
  "xpub_magic_segwit_p2sh": 77429938,
  "xpub_magic_segwit_native": 78792518,
  "xpub_magic_multisig_segwit_p2sh": 76067358,
  "xpub_magic_multisig_segwit_native": 76067358,
  "bech32_prefix": "vtc",
  "cashaddr_prefix": null,
  "slip44": 28,
  "segwit": true,
  "taproot": false,
  "decred": false,
  "fork_id": null,
  "force_bip143": false,
  "default_fee_b": {
    "Normal": 1000
  },
  "dust_limit": 54600,
  "blocktime_seconds": 150,
  "uri_prefix": "vertcoin",
  "min_address_length": 27,
  "max_address_length": 34,
  "negative_fee": false,
  "cooldown": 100,
  "overwintered": false,
  "extra_data": false,
  "timestamp": false,
  "confidential_assets": null
}
