{
  "coin_name": "Crown",
  "coin_shortcut": "CRW",
  "coin_label": "Crown",
  "website": "https://crownplatform.com",
  "github": "https://github.com/Crowndev/crowncoin",
  "maintainer": "Ashot <ashot@crownplatform.com>",
  "curve_name": "secp256k1",
  "decimals": 8,
  "address_type": 95495,
  "address_type_p2sh": 95473,
  "maxfee_kb": 52000000000,
  "minfee_kb": 1000,
  "signed_message_header": "Crown Signed Message:\n",
  "hash_genesis_block": "0000000085370d5e122f64f4ab19c68614ff3df78c8d13cb814fd7e69a1dc6da",
  "xprv_magic": 76066276,
  "xpub_magic": 76067358,
  "xpub_magic_segwit_p2sh": null,
  "xpub_magic_segwit_native": null,
  "xpub_magic_multisig_segwit_p2sh": null,
  "xpub_magic_multisig_segwit_native": null,
  "bech32_prefix": null,
  "cashaddr_prefix": null,
  "slip44": 72,
  "segwit": false,
  "taproot": false,
  "decred": false,
  "fork_id": null,
  "force_bip143": false,
  "default_fee_b": {
    "Normal": 10
  },
  "dust_limit": 546,
  "blocktime_seconds": 60,
  "uri_prefix": "crown",
  "min_address_length": 36,
  "max_address_length": 40,
  "negative_fee": false,
  "cooldown": 100,
  "overwintered": false,
  "extra_data": false,
  "timestamp": false,
  "confidential_assets": null
}
