{
  "coin_name": "Dash",
  "coin_shortcut": "DASH",
  "coin_label": "Dash",
  "website": "https://www.dash.org",
  "github": "https://github.com/dashpay/dash",
  "maintainer": "Karel Bilek <karel.bilek@satoshilabs.com>",
  "curve_name": "secp256k1",
  "decimals": 8,
  "address_type": 76,
  "address_type_p2sh": 16,
  "maxfee_kb": 45000000,
  "minfee_kb": 1000,
  "signed_message_header": "DarkCoin Signed Message:\n",
  "hash_genesis_block": "00000ffd590b1485b3caadc19b22e6379c733355108f107a430458cdf3407ab6",
  "xprv_magic": 50221816,
  "xpub_magic": 50221772,
  "xpub_magic_segwit_p2sh": null,
  "xpub_magic_segwit_native": null,
  "xpub_magic_multisig_segwit_p2sh": null,
  "xpub_magic_multisig_segwit_native": null,
  "bech32_prefix": null,
  "cashaddr_prefix": null,
  "slip44": 5,
  "segwit": false,
  "taproot": false,
  "decred": false,
  "fork_id": null,
  "force_bip143": false,
  "default_fee_b": {
    "Normal": 10
  },
  "dust_limit": 5460,
  "blocktime_seconds": 150,
  "uri_prefix": "dash",
  "min_address_length": 27,
  "max_address_length": 34,
  "negative_fee": false,
  "cooldown": 100,
  "overwintered": false,
  "extra_data": true,
  "timestamp": false,
  "confidential_assets": null
}
