{
  "coin_name": "Fujicoin",
  "coin_shortcut": "FJC",
  "coin_label": "Fujicoin",
  "website": "https://fujicoin.org",
  "github": "https://github.com/fujicoin/fujicoin",
  "maintainer": "motty <admin@fujicoin.org>",
  "curve_name": "secp256k1",
  "decimals": 8,
  "address_type": 36,
  "address_type_p2sh": 16,
  "maxfee_kb": 35000000000000,
  "minfee_kb": 10000000,
  "signed_message_header": "FujiCoin Signed Message:\n",
  "hash_genesis_block": "adb6d9cfd74075e7f91608add4bd2a2ea636f70856183086842667a1597714a0",
  "xpub_magic": 76067358,
  "xprv_magic": 76066276,
  "xpub_magic_segwit_p2sh": 77429938,
  "xpub_magic_segwit_native": 78792518,
  "xpub_magic_multisig_segwit_p2sh": 43365439,
  "xpub_magic_multisig_segwit_native": 44728019,
  "bech32_prefix": "fc",
  "cashaddr_prefix": null,
  "slip44": 75,
  "segwit": true,
  "taproot": true,
  "decred": false,
  "fork_id": null,
  "force_bip143": false,
  "default_fee_b": {
    "Low": 10000,
    "Economy": 20000,
    "Normal": 50000,
    "High": 100000
  },
  "dust_limit": 546,
  "blocktime_seconds": 60,
  "uri_prefix": "fujicoin",
  "min_address_length": 27,
  "max_address_length": 34,
  "negative_fee": false,
  "cooldown": 100,
  "overwintered": false,
  "extra_data": false,
  "timestamp": false,
  "confidential_assets": null
}
