{
  "coin_name": "MonetaryUnit",
  "coin_shortcut": "MUE",
  "coin_label": "MonetaryUnit",
  "website": "https://www.monetaryunit.org",
  "github": "https://github.com/muecoin/MUE",
  "maintainer": "Sotiris Blad <swthrhs@protonmail.com>",
  "curve_name": "secp256k1",
  "decimals": 8,
  "address_type": 16,
  "address_type_p2sh": 76,
  "maxfee_kb": 600000000000,
  "minfee_kb": 1000,
  "signed_message_header": "MonetaryUnit Signed Message:\n",
  "hash_genesis_block": "0b58ed450b3819ca54ab0054c4d220ca4f887d21c9e55d2a333173adf76d987f",
  "xprv_magic": 76066276,
  "xpub_magic": 76067358,
  "xpub_magic_segwit_p2sh": null,
  "xpub_magic_segwit_native": null,
  "xpub_magic_multisig_segwit_p2sh": null,
  "xpub_magic_multisig_segwit_native": null,
  "bech32_prefix": null,
  "cashaddr_prefix": null,
  "slip44": 31,
  "segwit": false,
  "taproot": false,
  "decred": false,
  "fork_id": null,
  "force_bip143": false,
  "default_fee_b": {
    "Normal": 10
  },
  "dust_limit": 5460,
  "blocktime_seconds": 40,
  "uri_prefix": "monetaryunit",
  "min_address_length": 27,
  "max_address_length": 34,
  "negative_fee": false,
  "cooldown": 100,
  "overwintered": false,
  "extra_data": false,
  "timestamp": false,
  "confidential_assets": null
}
