{
  "coin_name": "Particl",
  "coin_shortcut": "PART",
  "coin_label": "Particl",
  "website": "https://particl.io",
  "github": "https://github.com/particl/particl-core",
  "maintainer": "Ryno <ryno@particl.io>",
  "curve_name": "secp256k1",
  "decimals": 8,
  "address_type": 56,
  "address_type_p2sh": 60,
  "maxfee_kb": 5300000000,
  "minfee_kb": 1000,
  "signed_message_header": "Bitcoin Signed Message:\n",
  "hash_genesis_block": "0000ee0784c195317ac95623e22fddb8c7b8825dc3998e0bb924d66866eccf4c",
  "xprv_magic": 1768850129,
  "xpub_magic": 2401087160,
  "xpub_magic_segwit_p2sh": 28471030,
  "xpub_magic_segwit_native": 78792518,
  "xpub_magic_multisig_segwit_p2sh": 2401087160,
  "xpub_magic_multisig_segwit_native": 2401087160,
  "bech32_prefix": "bc",
  "cashaddr_prefix": null,
  "slip44": 44,
  "segwit": true,
  "taproot": false,
  "decred": false,
  "fork_id": null,
  "force_bip143": false,
  "default_fee_b": {
    "Low": 10,
    "Economy": 70,
    "Normal": 140,
    "High": 200
  },
  "dust_limit": 546,
  "blocktime_seconds": 600,
  "uri_prefix": "particl",
  "min_address_length": 27,
  "max_address_length": 34,
  "negative_fee": false,
  "cooldown": 100,
  "overwintered": false,
  "extra_data": false,
  "timestamp": false,
  "confidential_assets": null
}
