{
  "coin_name": "Ravencoin Testnet",
  "coin_shortcut": "tRVN",
  "coin_label": "Ravencoin Testnet",
  "website": "https://ravencoin.org",
  "github": "https://github.com/RavenProject/Ravencoin",
  "maintainer": "HyperPeek <hyperpeek@gmail.com>",
  "curve_name": "secp256k1",
  "decimals": 8,
  "address_type": 111,
  "address_type_p2sh": 196,
  "maxfee_kb": 170000000000,
  "minfee_kb": 1000,
  "signed_message_header": "Raven Signed Message:\n",
  "hash_genesis_block": "000000ecfc5e6324a079542221d00e10362bdc894d56500c414060eea8a3ad5a",
  "xprv_magic": 70615956,
  "xpub_magic": 70617039,
  "xpub_magic_segwit_p2sh": null,
  "xpub_magic_segwit_native": null,
  "xpub_magic_multisig_segwit_p2sh": null,
  "xpub_magic_multisig_segwit_native": null,
  "bech32_prefix": null,
  "cashaddr_prefix": null,
  "slip44": 1,
  "segwit": false,
  "taproot": false,
  "decred": false,
  "fork_id": null,
  "force_bip143": false,
  "default_fee_b": {
    "Low": 10
  },
  "dust_limit": 546,
  "blocktime_seconds": 60,
  "uri_prefix": "raven",
  "min_address_length": 27,
  "max_address_length": 34,
  "negative_fee": false,
  "cooldown": 100,
  "overwintered": false,
  "extra_data": false,
  "timestamp": false,
  "confidential_assets": null
}
