{
  "coin_name": "Stakenet",
  "coin_shortcut": "XSN",
  "coin_label": "Stakenet",
  "website": "https://stakenet.io",
  "github": "https://github.com/X9Developers/XSN",
  "maintainer": "Alexis Hernandez <alexis@alexitc.com>",
  "curve_name": "secp256k1",
  "decimals": 8,
  "address_type": 76,
  "address_type_p2sh": 16,
  "maxfee_kb": 11000000000,
  "minfee_kb": 1000,
  "signed_message_header": "DarkCoin Signed Message:\n",
  "hash_genesis_block": "00000c822abdbb23e28f79a49d29b41429737c6c7e15df40d1b1f1b35907ae34",
  "xprv_magic": 76066276,
  "xpub_magic": 76067358,
  "xpub_magic_segwit_p2sh": 77429938,
  "xpub_magic_segwit_native": 78792518,
  "xpub_magic_multisig_segwit_p2sh": 76067358,
  "xpub_magic_multisig_segwit_native": 76067358,
  "bech32_prefix": "xc",
  "cashaddr_prefix": null,
  "slip44": 199,
  "segwit": true,
  "taproot": false,
  "decred": false,
  "fork_id": null,
  "force_bip143": false,
  "default_fee_b": {
    "Low": 10,
    "Economy": 70,
    "Normal": 140,
    "High": 200
  },
  "dust_limit": 1000,
  "blocktime_seconds": 60,
  "uri_prefix": "stakenet",
  "min_address_length": 27,
  "max_address_length": 47,
  "negative_fee": false,
  "cooldown": 100,
  "overwintered": false,
  "extra_data": true,
  "timestamp": false,
  "confidential_assets": null
}
