{
  "coin_name": "Unobtanium",
  "coin_shortcut": "UNO",
  "coin_label": "Unobtanium",
  "website": "https://unobtanium.uno",
  "github": "https://github.com/unobtanium-official/unobtanium",
  "maintainer": "choicesz <choicesz@unobtanium.uno>",
  "curve_name": "secp256k1",
  "decimals": 8,
  "address_type": 130,
  "address_type_p2sh": 30,
  "maxfee_kb": 53000000,
  "minfee_kb": 1000,
  "signed_message_header": "Unobtanium Signed Message:\n",
  "hash_genesis_block": "000004c2fc5fffb810dccc197d603690099a68305232e552d96ccbe8e2c52b75",
  "xprv_magic": 76066276,
  "xpub_magic": 76067358,
  "xpub_magic_segwit_p2sh": null,
  "xpub_magic_segwit_native": null,
  "xpub_magic_multisig_segwit_p2sh": null,
  "xpub_magic_multisig_segwit_native": null,
  "bech32_prefix": null,
  "cashaddr_prefix": null,
  "slip44": 92,
  "segwit": false,
  "taproot": false,
  "decred": false,
  "fork_id": null,
  "force_bip143": false,
  "default_fee_b": {
    "Low": 10,
    "Economy": 50,
    "Normal": 100,
    "High": 160
  },
  "dust_limit": 546,
  "blocktime_seconds": 30,
  "uri_prefix": "unobtanium",
  "min_address_length": 27,
  "max_address_length": 34,
  "negative_fee": false,
  "cooldown": 100,
  "overwintered": false,
  "extra_data": false,
  "timestamp": false,
  "confidential_assets": null
}
