{
  "coin_name": "Verge",
  "coin_shortcut": "XVG",
  "coin_label": "Verge",
  "website": "https://vergecurrency.com",
  "github": "https://github.com/vergecurrency/VERGE",
  "maintainer": "marpme <kyonleague@protonmail.com>",
  "curve_name": "secp256k1",
  "decimals": 6,
  "address_type": 30,
  "address_type_p2sh": 33,
  "maxfee_kb": 550000000000,
  "minfee_kb": 1000000,
  "signed_message_header": "Name: Dogecoin Dark\n",
  "hash_genesis_block": "00000fc63692467faeb20cdb3b53200dc601d75bdfa1001463304cc790d77278",
  "xprv_magic": 35729707,
  "xpub_magic": 36513075,
  "xpub_magic_segwit_p2sh": null,
  "xpub_magic_segwit_native": null,
  "xpub_magic_multisig_segwit_p2sh": null,
  "xpub_magic_multisig_segwit_native": null,
  "bech32_prefix": null,
  "cashaddr_prefix": null,
  "slip44": 77,
  "segwit": false,
  "taproot": false,
  "decred": false,
  "fork_id": null,
  "force_bip143": false,
  "default_fee_b": {
    "Normal": 10
  },
  "dust_limit": 10000,
  "blocktime_seconds": 30,
  "uri_prefix": "verge",
  "min_address_length": 27,
  "max_address_length": 34,
  "negative_fee": false,
  "cooldown": 100,
  "overwintered": false,
  "confidential_assets": null,
  "timestamp": true,
  "extra_data": false
}
