{
  "coin_name": "VIPSTARCOIN",
  "coin_shortcut": "VIPS",
  "coin_label": "VIPSTARCOIN",
  "website": "https://vipstarcoin.jp",
  "github": "https://github.com/VIPSTARCOIN/VIPSTARCOIN",
  "maintainer": "y-chan <y_chan_crypto@yahoo.co.jp>",
  "curve_name": "secp256k1",
  "decimals": 8,
  "address_type": 70,
  "address_type_p2sh": 50,
  "maxfee_kb": 140000000000000,
  "minfee_kb": 400000,
  "signed_message_header": "VIPSTARCOIN Signed Message:\n",
  "hash_genesis_block": "0000d068e1d30f79fb64446137106be9c6ee69a6a722295c131506b1ee09b77c",
  "xprv_magic": 76066276,
  "xpub_magic": 76067358,
  "xpub_magic_segwit_p2sh": 77429938,
  "xpub_magic_segwit_native": 78792518,
  "xpub_magic_multisig_segwit_p2sh": 76067358,
  "xpub_magic_multisig_segwit_native": 76067358,
  "bech32_prefix": "vips",
  "cashaddr_prefix": null,
  "slip44": 1919,
  "segwit": true,
  "taproot": false,
  "decred": false,
  "fork_id": null,
  "force_bip143": false,
  "default_fee_b": {
    "Low": 410,
    "Economy": 500,
    "Normal": 600,
    "High": 2000
  },
  "dust_limit": 218400,
  "blocktime_seconds": 120,
  "uri_prefix": "vipstarcoin",
  "min_address_length": 27,
  "max_address_length": 36,
  "negative_fee": false,
  "cooldown": 100,
  "overwintered": false,
  "extra_data": false,
  "timestamp": false,
  "confidential_assets": null
}
