{
  "coin_name": "Actinium",
  "coin_shortcut": "ACM",
  "coin_label": "Actinium",
  "website": "https://actinium.org",
  "github": "https://github.com/Actinium-project/Actinium",
  "maintainer": "Harris Brakmic <brakmic@actinium.org>",
  "curve_name": "secp256k1",
  "decimals": 8,
  "address_type": 53,
  "address_type_p2sh": 55,
  "maxfee_kb": 320000000000,
  "minfee_kb": 100000,
  "signed_message_header": "Actinium Signed Message:\n",
  "hash_genesis_block": "28d77872e23714562f49a1be792c276623c1bbe3fdcf21b6035cfde78b00b824",
  "xprv_magic": 76066276,
  "xpub_magic": 76067358,
  "xpub_magic_segwit_p2sh": 77429938,
  "xpub_magic_segwit_native": 78792518,
  "xpub_magic_multisig_segwit_p2sh": 76067358,
  "xpub_magic_multisig_segwit_native": 76067358,
  "bech32_prefix": "acm",
  "cashaddr_prefix": null,
  "slip44": 228,
  "segwit": true,
  "taproot": false,
  "decred": false,
  "fork_id": null,
  "force_bip143": false,
  "default_fee_b": {
    "Normal": 1000
  },
  "dust_limit": 546,
  "blocktime_seconds": 150,
  "uri_prefix": "actinium",
  "min_address_length": 27,
  "max_address_length": 34,
  "negative_fee": false,
  "cooldown": 100,
  "overwintered": false,
  "extra_data": false,
  "timestamp": false,
  "confidential_assets": null
}
