{
  "coin_name": "Bcash",
  "coin_shortcut": "BCH",
  "coin_label": "Bitcoin Cash",
  "website": "https://www.bitcoincash.org",
  "github": "https://github.com/bitcoin-cash-node/bitcoin-cash-node",
  "maintainer": "Jochen Hoenicke <hoenicke@gmail.com>",
  "curve_name": "secp256k1",
  "decimals": 8,
  "address_type": 0,
  "address_type_p2sh": 5,
  "maxfee_kb": 14000000,
  "minfee_kb": 1000,
  "signed_message_header": "Bitcoin Signed Message:\n",
  "hash_genesis_block": "000000000019d6689c085ae165831e934ff763ae46a2a6c172b3f1b60a8ce26f",
  "xprv_magic": 76066276,
  "xpub_magic": 76067358,
  "xpub_magic_segwit_p2sh": null,
  "xpub_magic_segwit_native": null,
  "xpub_magic_multisig_segwit_p2sh": null,
  "xpub_magic_multisig_segwit_native": null,
  "bech32_prefix": null,
  "cashaddr_prefix": "bitcoincash",
  "slip44": 145,
  "segwit": false,
  "taproot": false,
  "decred": false,
  "fork_id": 0,
  "force_bip143": true,
  "default_fee_b": {
    "Low": 1,
    "Economy": 1,
    "Normal": 1,
    "High": 100
  },
  "dust_limit": 546,
  "blocktime_seconds": 600,
  "uri_prefix": "bitcoincash",
  "min_address_length": 27,
  "max_address_length": 34,
  "negative_fee": false,
  "cooldown": 100,
  "overwintered": false,
  "extra_data": false,
  "timestamp": false,
  "confidential_assets": null
}
