{
  "coin_name": "Bgold",
  "coin_shortcut": "BTG",
  "coin_label": "Bitcoin Gold",
  "website": "https://bitcoingold.org",
  "github": "https://github.com/BTCGPU/BTCGPU",
  "maintainer": "Saleem Rashid <trezor@saleemrashid.com>",
  "curve_name": "secp256k1",
  "decimals": 8,
  "address_type": 38,
  "address_type_p2sh": 23,
  "maxfee_kb": 380000000,
  "minfee_kb": 1000,
  "signed_message_header": "Bitcoin Gold Signed Message:\n",
  "hash_genesis_block": "000000000019d6689c085ae165831e934ff763ae46a2a6c172b3f1b60a8ce26f",
  "xprv_magic": 76066276,
  "xpub_magic": 76067358,
  "xpub_magic_segwit_p2sh": 77429938,
  "xpub_magic_segwit_native": 78792518,
  "xpub_magic_multisig_segwit_p2sh": 76067358,
  "xpub_magic_multisig_segwit_native": 76067358,
  "bech32_prefix": "btg",
  "cashaddr_prefix": null,
  "slip44": 156,
  "segwit": true,
  "taproot": false,
  "decred": false,
  "fork_id": 79,
  "force_bip143": true,
  "default_fee_b": {
    "Low": 10,
    "Economy": 70,
    "Normal": 140,
    "High": 200
  },
  "dust_limit": 546,
  "blocktime_seconds": 600,
  "uri_prefix": "bitcoingold",
  "min_address_length": 27,
  "max_address_length": 34,
  "negative_fee": false,
  "cooldown": 100,
  "overwintered": false,
  "extra_data": false,
  "timestamp": false,
  "confidential_assets": null
}
