{
  "coin_name": "Bgold Testnet",
  "coin_shortcut": "TBTG",
  "coin_label": "Bitcoin Gold Testnet",
  "website": "https://bitcoingold.org",
  "github": "https://github.com/BTCGPU/BTCGPU",
  "maintainer": "The Bitcoin Gold Developers <support@bitcoingold.org>",
  "curve_name": "secp256k1",
  "decimals": 8,
  "address_type": 111,
  "address_type_p2sh": 196,
  "maxfee_kb": 500000,
  "minfee_kb": 1000,
  "signed_message_header": "Bitcoin Gold Signed Message:\n",
  "hash_genesis_block": "00000000e0781ebe24b91eedc293adfea2f557b53ec379e78959de3853e6f9f6",
  "xprv_magic": 70615956,
  "xpub_magic": 70617039,
  "xpub_magic_segwit_p2sh": 71979618,
  "xpub_magic_segwit_native": 73342198,
  "xpub_magic_multisig_segwit_p2sh": 70617039,
  "xpub_magic_multisig_segwit_native": 70617039,
  "bech32_prefix": "tbtg",
  "cashaddr_prefix": null,
  "slip44": 1,
  "segwit": true,
  "taproot": false,
  "decred": false,
  "fork_id": 79,
  "force_bip143": true,
  "default_fee_b": {
    "Low": 10,
    "Economy": 70,
    "Normal": 140,
    "High": 200
  },
  "dust_limit": 546,
  "blocktime_seconds": 600,
  "uri_prefix": "bitcoingold",
  "min_address_length": 27,
  "max_address_length": 34,
  "negative_fee": false,
  "cooldown": 100,
  "overwintered": false,
  "extra_data": false,
  "timestamp": false,
  "confidential_assets": null
}
