{
  "coin_name": "Bprivate",
  "coin_shortcut": "BTCP",
  "coin_label": "Bitcoin Private",
  "website": "https://btcprivate.org",
  "github": "https://github.com/BTCPrivate/BitcoinPrivate",
  "maintainer": "Chris Sulmone <csulmone@gmail.com>",
  "curve_name": "secp256k1",
  "decimals": 8,
  "address_type": 4901,
  "address_type_p2sh": 5039,
  "maxfee_kb": 32000000000,
  "minfee_kb": 1000,
  "signed_message_header": "BitcoinPrivate Signed Message:\n",
  "hash_genesis_block": "0007104ccda289427919efc39dc9e4d499804b7bebc22df55f8b834301260602",
  "xprv_magic": 76066276,
  "xpub_magic": 76067358,
  "xpub_magic_segwit_p2sh": null,
  "xpub_magic_segwit_native": null,
  "xpub_magic_multisig_segwit_p2sh": null,
  "xpub_magic_multisig_segwit_native": null,
  "bech32_prefix": null,
  "cashaddr_prefix": null,
  "slip44": 183,
  "segwit": false,
  "taproot": false,
  "decred": false,
  "fork_id": 42,
  "force_bip143": false,
  "default_fee_b": {
    "Normal": 10
  },
  "dust_limit": 546,
  "blocktime_seconds": 150,
  "uri_prefix": "bitcoinprivate",
  "min_address_length": 35,
  "max_address_length": 95,
  "negative_fee": false,
  "cooldown": 100,
  "overwintered": false,
  "extra_data": false,
  "timestamp": false,
  "confidential_assets": null
}
