{
  "coin_name": "Firo",
  "coin_shortcut": "FIRO",
  "coin_label": "Firo",
  "website": "https://firo.org",
  "github": "https://github.com/firoorg/firo",
  "maintainer": "Andrey Bezrukov <andreyvbezrukov@gmail.com>",
  "curve_name": "secp256k1",
  "decimals": 8,
  "address_type": 82,
  "address_type_p2sh": 7,
  "maxfee_kb": 640000000,
  "minfee_kb": 0,
  "signed_message_header": "Zcoin Signed Message:\n",
  "hash_genesis_block": "4381deb85b1b2c9843c222944b616d997516dcbd6a964e1eaf0def0830695233",
  "xprv_magic": 76066276,
  "xpub_magic": 76067358,
  "xpub_magic_segwit_p2sh": null,
  "xpub_magic_segwit_native": null,
  "xpub_magic_multisig_segwit_p2sh": null,
  "xpub_magic_multisig_segwit_native": null,
  "bech32_prefix": null,
  "cashaddr_prefix": null,
  "slip44": 136,
  "segwit": false,
  "taproot": false,
  "decred": false,
  "fork_id": null,
  "force_bip143": false,
  "default_fee_b": {
    "Low": 1,
    "Economy": 10,
    "Normal": 100,
    "High": 200
  },
  "dust_limit": 546,
  "blocktime_seconds": 600,
  "uri_prefix": "firo",
  "min_address_length": 27,
  "max_address_length": 34,
  "negative_fee": false,
  "cooldown": 100,
  "overwintered": false,
  "extra_data": true,
  "timestamp": false,
  "confidential_assets": null
}
