{
  "coin_name": "Namecoin",
  "coin_shortcut": "NMC",
  "coin_label": "Namecoin",
  "website": "https://namecoin.org",
  "github": "https://github.com/namecoin/namecoin-core",
  "maintainer": "Pavol Rusnak <stick@satoshilabs.com>",
  "curve_name": "secp256k1",
  "decimals": 8,
  "address_type": 52,
  "address_type_p2sh": 5,
  "maxfee_kb": 8700000000,
  "minfee_kb": 100000,
  "signed_message_header": "Namecoin Signed Message:\n",
  "hash_genesis_block": "000000000062b72c5e2ceb45fbc8587e807c155b0da735e6483dfba2f0a9c770",
  "xprv_magic": 76066276,
  "xpub_magic": 76067358,
  "xpub_magic_segwit_p2sh": null,
  "xpub_magic_segwit_native": null,
  "xpub_magic_multisig_segwit_p2sh": null,
  "xpub_magic_multisig_segwit_native": null,
  "bech32_prefix": null,
  "cashaddr_prefix": null,
  "slip44": 7,
  "segwit": false,
  "taproot": false,
  "decred": false,
  "fork_id": null,
  "force_bip143": false,
  "default_fee_b": {
    "Normal": 10
  },
  "dust_limit": 2940,
  "blocktime_seconds": 600,
  "uri_prefix": "namecoin",
  "min_address_length": 27,
  "max_address_length": 34,
  "negative_fee": false,
  "cooldown": 100,
  "overwintered": false,
  "extra_data": false,
  "timestamp": false,
  "confidential_assets": null
}
