{
  "coin_name": "SmartCash",
  "coin_shortcut": "SMART",
  "coin_label": "SmartCash",
  "website": "https://smartcash.cc",
  "github": "https://github.com/SmartCash/Core-Smart",
  "maintainer": "Leandro Reinaux <leoreinaux@gmail.com>",
  "curve_name": "secp256k1_smart",
  "decimals": 8,
  "address_type": 63,
  "address_type_p2sh": 18,
  "maxfee_kb": 780000000000,
  "minfee_kb": 0,
  "signed_message_header": "SmartCash Signed Message:\n",
  "hash_genesis_block": "000007acc6970b812948d14ea5a0a13db0fdd07d5047c7e69101fa8b361e05a4",
  "xprv_magic": 76066276,
  "xpub_magic": 76067358,
  "xpub_magic_segwit_p2sh": null,
  "xpub_magic_segwit_native": null,
  "xpub_magic_multisig_segwit_p2sh": null,
  "xpub_magic_multisig_segwit_native": null,
  "bech32_prefix": null,
  "cashaddr_prefix": null,
  "slip44": 224,
  "segwit": false,
  "taproot": false,
  "decred": false,
  "fork_id": null,
  "force_bip143": false,
  "default_fee_b": {
    "Low": 1,
    "Economy": 10,
    "Normal": 100,
    "High": 200
  },
  "dust_limit": 546,
  "blocktime_seconds": 55,
  "uri_prefix": "smart",
  "min_address_length": 27,
  "max_address_length": 34,
  "negative_fee": false,
  "cooldown": 100,
  "overwintered": false,
  "extra_data": false,
  "timestamp": false,
  "confidential_assets": null
}
