{
    "1;eth": [
        {
            "address": "0xdac17f958d2ee523a2206206994597c13d831ec7",
            "coingecko_id": "tether",
            "decimals": 6,
            "name": "Tether",
            "shortcut": "USDT"
        },
        {
            "address": "0xa0b86991c6218b36c1d19d4a2e9eb0ce3606eb48",
            "coingecko_id": "usd-coin",
            "decimals": 6,
            "name": "USD Coin",
            "shortcut": "USDC"
        },
        {
            "address": "0x4fabb145d64652a948d72533023f6e7a623c7c53",
            "coingecko_id": "binance-usd",
            "decimals": 18,
            "name": "Binance USD",
            "shortcut": "BUSD"
        },
        {
            "address": "0x95ad61b0a150d79219dcf64e1e6cc01f0b64c4ce",
            "coingecko_id": "shiba-inu",
            "decimals": 18,
            "name": "Shiba Inu",
            "shortcut": "SHIB"
        },
        {
            "address": "0x6b175474e89094c44da98b954eedeac495271d0f",
            "coingecko_id": "dai",
            "decimals": 18,
            "name": "Dai",
            "shortcut": "DAI"
        },
        {
            "address": "0x7d1afa7b718fb893db30a3abc0cfc608aacfebb0",
            "coingecko_id": "matic-network",
            "decimals": 18,
            "name": "Polygon",
            "shortcut": "MATIC"
        },
        {
            "address": "0xae7ab96520de3a18e5e111b5eaab095312d7fe84",
            "coingecko_id": "staked-ether",
            "decimals": 18,
            "name": "Lido Staked Ether",
            "shortcut": "STETH"
        },
        {
            "address": "0x1f9840a85d5af5bf1d1762f925bdaddc4201f984",
            "coingecko_id": "uniswap",
            "decimals": 18,
            "name": "Uniswap",
            "shortcut": "UNI"
        },
        {
            "address": "0x2260fac5e5542a773aa44fbcfedf7c193bc2c599",
            "coingecko_id": "wrapped-bitcoin",
            "decimals": 8,
            "name": "Wrapped Bitcoin",
            "shortcut": "WBTC"
        },
        {
            "address": "0x75231f58b43240c9718dd58b4967c5114342a86c",
            "coingecko_id": "okb",
            "decimals": 18,
            "name": "OKB",
            "shortcut": "OKB"
        },
        {
            "address": "0x2af5d2ad76741191d15dfe7bf6ac92d4bd912ca3",
            "coingecko_id": "leo-token",
            "decimals": 18,
            "name": "LEO Token",
            "shortcut": "LEO"
        },
        {
            "address": "0x514910771af9ca656af840dff83e8264ecf986ca",
            "coingecko_id": "chainlink",
            "decimals": 18,
            "name": "Chainlink",
            "shortcut": "LINK"
        },
        {
            "address": "0xa0b73e1ff0b80914ab6fe0444e65848c4c34450b",
            "coingecko_id": "crypto-com-chain",
            "decimals": 8,
            "name": "Cronos",
            "shortcut": "CRO"
        },
        {
            "address": "0x4a220e6096b25eadb88358cb44068a3248254675",
            "coingecko_id": "quant-network",
            "decimals": 18,
            "name": "Quant",
            "shortcut": "QNT"
        },
        {
            "address": "0x4d224452801aced8b2f0aebe155379bb5d594381",
            "coingecko_id": "apecoin",
            "decimals": 18,
            "name": "ApeCoin",
            "shortcut": "APE"
        },
        {
            "address": "0xa2cd3d43c775978a96bdbf12d733d5a1ed94fb18",
            "coingecko_id": "chain-2",
            "decimals": 18,
            "name": "Chain",
            "shortcut": "XCN"
        },
        {
            "address": "0x853d955acef822db058eb8505911ed77f175b99e",
            "coingecko_id": "frax",
            "decimals": 18,
            "name": "Frax",
            "shortcut": "FRAX"
        },
        {
            "address": "0x3845badade8e6dff049820680d1f14bd3903a5d0",
            "coingecko_id": "the-sandbox",
            "decimals": 18,
            "name": "The Sandbox",
            "shortcut": "SAND"
        },
        {
            "address": "0x0f5d2fb29fb7d3cfee444a200298f468908cc942",
            "coingecko_id": "decentraland",
            "decimals": 18,
            "name": "Decentraland",
            "shortcut": "MANA"
        },
        {
            "address": "0xbb0e17ef65f82ab018d8edd776e8dd940327b28b",
            "coingecko_id": "axie-infinity",
            "decimals": 18,
            "name": "Axie Infinity",
            "shortcut": "AXS"
        },
        {
            "address": "0x3506424f91fd33084466f402d5d97f05f8e3b4af",
            "coingecko_id": "chiliz",
            "decimals": 18,
            "name": "Chiliz",
            "shortcut": "CHZ"
        },
        {
            "address": "0x7fc66500c84a76ad7e9c93437bfc5ac33e2ddae9",
            "coingecko_id": "aave",
            "decimals": 18,
            "name": "Aave",
            "shortcut": "AAVE"
        }
    ],
    "56;bnb": [
        {
            "address": "0x0eb3a705fc54725037cc9e008bdede697f62f335",
            "coingecko_id": "cosmos",
            "decimals": 18,
            "name": "Cosmos Hub",
            "shortcut": "ATOM"
        }
    ],
    "137;matic": [
        {
            "address": "0x2c89bbc92bd86f8075d1decc58c7f4e0107f286b",
            "coingecko_id": "wrapped-avax",
            "decimals": 18,
            "name": "Wrapped AVAX",
            "shortcut": "WAVAX"
        }
    ]
}
