{
    "erc20:eth:BTL (Battle)": true,
    "erc20:eth:BTL (Bitlle)": true,
    "erc20:eth:LINK Platform": true,
    "erc20:eth:NXX": false,
    "erc20:eth:SNX:c011": false,
    "erc20:eth:TUSD": false,
    "erc20:eth:Hdp": true,
    "erc20:eth:Hdp.ф": true,
    "erc20:eth:HEX:2b59": false,
    "erc20:eth:JOB:dfbc": false,
    "misc:BNB": false,
    "eth:BNB": false,
    "eth:ONE:1666600000": false,
    "eth:ONE:1666600001": false,
    "eth:ONE:1666600002": false,
    "eth:ONE:1666600003": false,
    "eth:tGOR:5": false,
    "eth:tGOR:420": false,
    "eth:tCELO:44787": false,
    "eth:tCELO:62320": false,
    "eth:QKC:100000": false,
    "eth:QKC:100001": false,
    "eth:QKC:100002": false,
    "eth:QKC:100003": false,
    "eth:QKC:100004": false,
    "eth:QKC:100005": false,
    "eth:QKC:100006": false,
    "eth:QKC:100007": false,
    "eth:QKC:100008": false,
    "eth:xDAI:100": false,
    "eth:xDAI:200": false,
    "eth:CPAY:3000": false,
    "eth:CPAY:3001": false,
    "eth:CPAY:21337": false,
    "erc20:eth:USDT": false,
    "erc20:avax:USDT": false
}
