{
    "bitcoin:ACM": {
        "Actilectrum": "https://actilectrum.org"
    },
    "bitcoin:AXE": {
        "Electrum-AXE": "https://github.com/AXErunners/electrum-axe"
    },
    "bitcoin:BCH": {
        "Electron Cash": "https://electroncash.org",
        "Exodus": "https://www.exodus.io"
    },
    "bitcoin:BTC": {
        "Electrum": "https://electrum.org",
        "Exodus": "https://www.exodus.io"
    },
    "bitcoin:BTCP": {
        "BTCP Electrum": "https://github.com/BTCPrivate/electrum-btcp"
    },
    "bitcoin:BTG": {
        "ElectrumG": "https://github.com/BTCGPU/electrum",
        "Exodus": "https://www.exodus.io"
    },
    "bitcoin:BTX": {
        "Electrum-BTX": "https://github.com/LIMXTEC/electrum-btx"
    },
    "bitcoin:CPU": {
        "Electrum-CPU": "https://cpuchain.org/download-page.html"
    },
    "bitcoin:CRW": {
        "Crown-Electrum": "https://github.com/Crowndev/crown-electrum"
    },
    "bitcoin:DASH": {
        "Dash Electrum": "https://electrum.dash.org",
        "DMT": "https://github.com/Bertrand256/dash-masternode-tool",
        "Exodus": "https://www.exodus.io"
    },
    "bitcoin:DCR": {
        "Exodus": "https://www.exodus.io"
    },
    "bitcoin:DGB": {
        "Exodus": "https://www.exodus.io"
    },
    "bitcoin:DOGE": {
        "Exodus": "https://www.exodus.io"
    },
    "bitcoin:FJC": {
        "Electrum-FJC": "http://www.fujicoin.org/downloads.php"
    },
    "bitcoin:FLO": {
        "Chaintek": "https://wallet.chaintek.net/"
    },
    "bitcoin:FTC": {
        "Electrum-FTC": "https://github.com/Feathercoin-Foundation/electrum-ftc"
    },
    "bitcoin:GRS": {
        "Electrum-GRS": "https://www.groestlcoin.org/groestlcoin-electrum-wallet"
    },
    "bitcoin:KOTO": {
        "Electrum-KOTO": "https://electrum.kotocoin.info"
    },
    "bitcoin:LTC": {
        "Electrum-LTC": "https://electrum-ltc.org",
        "Exodus": "https://www.exodus.io"
    },
    "bitcoin:MONA": {
        "Electrum-MONA": "https://electrum-mona.org"
    },
    "bitcoin:MUE": {
        "Electrum-MUE": "https://electrum.monetaryunit.org"
    },
    "bitcoin:NMC": {
        "Electrum-NMC": "https://github.com/namecoin/electrum-nmc"
    },
    "bitcoin:PART": {
        "Particl Core": "https://github.com/particl/particl-core/releases"
    },
    "bitcoin:QTUM": {
        "Qtum-Electrum": "https://github.com/qtumproject/qtum-electrum"
    },
    "bitcoin:RITO": {
        "Chaintek": "https://wallet.chaintek.net/"
    },
    "bitcoin:RVN": {
        "Chaintek": "https://wallet.chaintek.net/",
        "Electrum-RVN": "https://github.com/traysi/electrum-raven"
    },
    "bitcoin:SMART": {
        "Electrum-SMART": "https://github.com/smartcash/electrum-smart"
    },
    "bitcoin:SYS": {
        "Electrum-SYS": "https://github.com/syscoin/electrum"
    },
    "bitcoin:UNO": {
        "Electrum-UNO": "https://github.com/flurbos/electrum-uno"
    },
    "bitcoin:VIA": {
        "Vialectrum": "https://vialectrum.org"
    },
    "bitcoin:VIPS": {
        "Electrum-VIPS": "https://electrum-vips.info"
    },
    "bitcoin:XPM": {
        "Electrum-XPM": "https://github.com/justjamesdev/electrum-xpm"
    },
    "bitcoin:XRC": {
        "Electrum-XRC": "https://electrum.xrhodium.org"
    },
    "bitcoin:XSN": {
        "Stakenet": "https://xsnexplorer.io/trezor"
    },
    "bitcoin:XVG": {
      "Electrum": "https://github.com/vergecurrency/electrum/releases"
    },
    "bitcoin:FIRO": {
        "Electrum-FIRO": "https://github.com/firoorg/electrum-firo",
        "Znode Tool": "https://github.com/firoorg/znode-tool-evo"
    },
    "bitcoin:ZEC": {
        "Exodus": "https://www.exodus.io"
    },
    "bitcoin:ZCR": {
        "Electrum-ZCR": "https://github.com/zcore-coin/electrum-wallet/"
    },
    "eth:WAN": {
        "Wanchain Wallet": "https://www.wanchain.org/getstarted/"
    },
    "eth:AUX": {
        "MyEtherWallet": null
    },
    "eth:XDC": {
        "MyCrypto": null,
        "MyEtherWallet": null,
        "XDC Wallet": "https://wallet.xinfin.network"
    }
}
